idx,t,x,y,heading_deg,velocity,omega,left_voltage,right_voltage
0,0.316000,69.437082,94.412425,1.834657,0.000000,0.000000,5.130916,2.227050
1,0.326000,69.437082,94.412425,1.834657,0.000000,0.000000,5.317587,2.219315
2,0.336000,69.437082,94.412425,1.834657,5.428410,0.127191,5.489368,2.226471
3,0.346000,69.507413,94.416056,1.837368,8.768970,-0.203985,5.655553,2.239223
4,0.356000,69.601102,94.419021,1.788844,9.373727,0.554360,5.843613,2.230100
5,0.366000,69.703586,94.422072,1.620975,10.252064,0.710349,5.993883,2.258766
6,0.376000,69.803911,94.424699,1.379269,10.036080,0.280780,6.185305,2.246282
7,0.386000,69.883525,94.426452,1.143337,7.962628,-0.155989,6.336229,2.274294
8,0.397000,69.965440,94.427944,0.943441,8.193012,-0.616756,6.539734,2.267619
9,0.407000,70.044201,94.429104,0.743830,7.876235,-0.482365,6.687794,2.298497
10,0.417000,70.044201,94.429104,0.743830,9.719302,-0.607156,6.870330,2.294897
11,0.427000,70.044201,94.429104,0.743830,8.783369,-0.398371,7.014602,2.329562
12,0.437000,70.044201,94.429104,0.743830,10.554442,-0.611956,7.194438,2.328663
13,0.447000,70.044201,94.429104,0.743830,11.029608,-0.556760,7.329442,2.372596
14,0.457000,70.044201,94.429104,0.743830,12.555899,-0.556760,7.501836,2.379139
15,0.467000,70.044201,94.429104,0.743830,12.368712,-0.463167,7.637783,2.422129
16,0.477000,70.044201,94.429104,0.743830,15.550884,-0.758346,7.793318,2.445531
17,0.487000,70.857042,94.393695,358.773225,14.902930,-0.515963,7.934949,2.482836
18,0.497000,71.006026,94.390095,358.457969,16.803594,-0.789543,8.067700,2.529022
19,0.507000,71.187269,94.384638,358.093077,17.437148,-0.712749,8.214111,2.561548
20,0.517000,71.369328,94.377977,357.716506,18.430677,-0.787143,8.325204,2.629391
21,0.527000,71.553479,94.370011,357.329493,19.596993,-0.880737,8.455295,2.678237
22,0.537000,71.749239,94.360184,356.922905,20.475330,-0.988729,8.577688,2.734781
23,0.547000,71.953714,94.348453,356.510171,19.165024,-0.640754,8.670714,2.820692
24,0.557000,71.953714,94.348453,356.510171,23.599906,-1.327105,8.780256,2.890087
25,0.567000,71.953714,94.348453,356.510171,19.237019,-0.407971,8.879321,2.969958
26,0.577000,71.953714,94.348453,356.510171,22.476786,-0.808742,8.944190,3.084026
27,0.587000,71.953714,94.348453,356.510171,27.977192,-1.792671,9.022574,3.184579
28,0.598000,71.953714,94.348453,356.510171,22.131211,-0.746346,9.092627,3.311357
29,0.608000,71.953714,94.348453,356.510171,27.458829,-1.341504,9.136157,3.446763
30,0.618000,73.613488,94.188411,352.904976,25.817347,-1.043925,9.152780,3.609077
31,0.628000,73.851581,94.157615,352.354923,24.003077,-0.631155,9.169884,3.770910
32,0.638000,74.077345,94.126011,351.707437,21.425662,0.091193,9.168729,3.951002
33,0.648000,74.315156,94.090093,351.114649,24.046274,-0.489565,9.144093,4.154574
34,0.658000,74.642987,94.037211,350.558852,33.204016,-1.828669,9.070275,4.407329
35,0.668000,75.083939,93.961287,349.902164,40.216313,-2.896592,8.992587,4.663954
36,0.678000,75.435212,93.896697,349.260022,34.730307,-1.559888,8.884990,4.950488
37,0.688000,75.435212,93.896697,349.260022,23.455916,0.055196,8.743821,5.270594
38,0.698000,75.435212,93.896697,349.260022,25.356580,0.261581,8.564971,5.628380
39,0.708000,75.435212,93.896697,349.260022,34.514322,-1.139918,8.328313,6.043975
40,0.718000,75.435212,93.896697,349.260022,38.344447,-1.629483,8.039171,6.512054
41,0.728000,75.435212,93.896697,349.260022,42.592142,-1.795071,7.711484,7.018678
42,0.738000,75.435212,93.896697,349.260022,37.854882,-1.125519,7.325758,7.583341
43,0.748000,75.435212,93.896697,349.260022,36.400587,-0.153589,6.876792,8.211243
44,0.758000,77.674274,93.413889,345.274916,38.675624,-0.484765,6.360011,8.906961
45,0.768000,78.048055,93.314269,344.877791,38.704421,-0.388772,5.772180,9.673729
46,0.778000,78.421381,93.212159,344.528049,39.913935,-0.326377,5.112605,10.512241
47,0.788000,78.805763,93.104647,344.219202,40.590686,-0.045597,5.974178,9.829604
48,0.798000,79.196110,92.993358,343.954911,39.712349,0.057596,11.369897,4.612822
49,0.808000,79.591699,92.878767,343.735572,41.008256,-0.225584,12.369419,3.792238
50,0.818000,80.010613,92.755875,343.565324,42.952117,-1.163916,12.675572,3.665021
51,0.828000,80.010613,92.755875,343.565324,38.042069,-0.345575,12.681809,3.403339
52,0.838000,80.010613,92.755875,343.565324,32.815244,0.199186,11.073625,2.330052
53,0.848000,80.010613,92.755875,343.565324,34.183146,-0.158389,10.798679,2.284691
54,0.858000,80.010613,92.755875,343.565324,38.632427,-1.706278,10.605410,2.299023
55,0.868000,80.010613,92.755875,343.565324,40.216313,-2.272637,10.411235,2.314261
56,0.878000,80.010613,92.755875,343.565324,45.961501,-1.780672,10.217368,2.329541
57,0.888000,82.593427,92.026175,342.740454,40.417898,-0.429569,10.089450,2.388739
58,0.898000,82.979123,91.905365,342.475859,39.654753,-0.945532,10.079696,2.476007
59,0.908000,83.356937,91.784678,342.093385,41.224241,-1.384701,10.070933,2.552385
60,0.918000,83.748724,91.656319,341.626711,41.483422,-1.120720,10.062620,2.623076
61,0.928000,84.141940,91.523777,341.118120,41.022655,-1.360702,10.054306,2.691395
62,0.938000,84.606802,91.361264,340.343289,41.857795,-1.797471,10.045618,2.759972
63,0.948000,84.993863,91.220219,339.613205,40.950660,-1.660681,10.036235,2.830961
64,0.958000,84.993863,91.220219,339.613205,42.534547,-1.876665,10.025865,2.906244
65,0.968000,84.993863,91.220219,339.613205,42.592142,-2.131047,10.014236,2.987535
66,0.978000,84.993863,91.220219,339.613205,42.649738,-2.097449,10.001072,3.076492
67,0.988000,84.993863,91.220219,339.613205,42.808127,-2.181443,9.985109,3.180966
68,0.998000,84.993863,91.220219,339.613205,43.931246,-2.378229,9.966100,3.302424
69,1.008000,84.993863,91.220219,339.613205,45.961501,-2.678208,9.946234,3.427649
70,1.018000,84.993863,91.220219,339.613205,43.931246,-2.354231,9.923571,3.569044
71,1.028000,88.010318,89.958339,332.267669,41.627412,-2.037454,9.897648,3.729271
72,1.038000,88.376650,89.760652,331.026176,40.331505,-1.807070,9.867919,3.911453
73,1.048000,88.727377,89.561367,329.763068,43.787257,-2.210241,9.833728,4.119310
74,1.058000,89.103357,89.336772,328.532010,47.574185,-2.783800,9.794279,4.357348
75,1.068000,89.506648,89.084152,327.342347,43.096106,-1.749474,9.748601,4.631081
76,1.078000,89.867165,88.847879,326.178138,42.534547,-1.492693,9.695490,4.947355
77,1.088000,90.218121,88.607504,325.006110,48.092548,-2.155045,9.633246,5.325745
78,1.098000,90.218121,88.607504,325.006110,47.919760,-1.468695,9.561193,5.767415
79,1.108000,90.218121,88.607504,325.006110,46.134288,-1.065524,9.422166,6.251163
80,1.118000,90.218121,88.607504,325.006110,49.777227,-1.154317,9.123432,6.749231
81,1.128000,90.218121,88.607504,325.006110,48.582112,-1.190315,8.747576,7.304024
82,1.138000,90.218121,88.607504,325.006110,46.206283,-1.687079,8.301677,7.928859
83,1.148000,90.218121,88.607504,325.006110,47.991755,-1.562288,7.778666,8.630807
84,1.158000,92.945990,86.485745,316.688404,46.062293,-1.610284,7.172019,9.416391
85,1.168000,93.382182,86.067441,315.710233,50.684361,-0.715149,6.476652,10.290695
86,1.178000,93.725488,85.727874,314.917118,46.767843,-1.243111,5.690358,11.255926
87,1.188000,93.725488,85.727874,314.917118,48.726102,-0.604757,4.815990,12.309230
88,1.198000,94.067413,85.380736,314.215802,46.263879,-0.712749,9.157340,5.929139
89,1.208000,94.388297,85.047347,313.594321,46.091091,-0.367174,11.360307,2.575710
90,1.218000,94.704641,84.711955,313.057645,46.062293,-0.679151,11.403552,2.270309
91,1.228000,95.017839,84.374079,312.600997,49.748429,-1.912663,11.231431,2.263493
92,1.238000,95.017839,84.374079,312.600997,41.685008,-1.749474,11.046121,2.269867
93,1.248000,95.017839,84.374079,312.600997,40.043525,-2.287036,10.853950,2.283101
94,1.258000,95.017839,84.374079,312.600997,41.022655,-3.112577,10.658714,2.299399
95,1.268000,95.017839,84.374079,312.600997,45.111962,-1.586286,10.462570,2.316607
96,1.278000,95.017839,84.374079,312.600997,49.028480,-1.192714,10.266638,2.333602
97,1.288000,95.017839,84.374079,312.600997,47.415796,-1.581486,10.117164,2.369558
98,1.299000,97.082839,82.136691,309.341811,44.219226,-2.047053,10.081213,2.458295
99,1.309000,97.409195,81.732067,308.435185,46.163086,-1.703878,10.072456,2.536298
100,1.319000,97.711750,81.344679,307.545441,50.007610,-2.287036,10.064219,2.607851
101,1.329000,98.013386,80.945698,306.634282,45.817511,-1.924662,10.056038,2.676443
102,1.339000,98.283662,80.575738,305.665929,45.169557,-2.061452,10.047530,2.744794
103,1.349000,98.543776,80.206352,304.639081,45.227153,-2.296635,10.038369,2.815133
104,1.359000,98.797511,79.831695,303.576201,46.681449,-2.366230,10.028265,2.889376
105,1.369000,98.797511,79.831695,303.576201,47.113418,-2.356631,10.016944,2.969248
106,1.379000,98.797511,79.831695,303.576201,45.255951,-2.555817,10.004134,3.056408
107,1.389000,98.797511,79.831695,303.576201,45.313547,-2.661409,9.986959,3.168935
108,1.399000,98.797511,79.831695,303.576201,46.105490,-2.428626,9.969834,3.278614
109,1.409000,98.797511,79.831695,303.576201,45.385542,-2.395028,9.950507,3.400844
110,1.419000,98.797511,79.831695,303.576201,45.702319,-2.558216,9.928458,3.538707
111,1.429000,100.527310,76.910921,294.368428,46.350273,-2.647010,9.903235,3.694784
112,1.439000,100.716771,76.478309,292.933448,47.228610,-2.745403,9.874307,3.872089
113,1.449000,100.893448,76.045709,291.497408,46.724646,-2.517419,9.841036,4.074210
114,1.459000,101.060380,75.605920,290.073293,47.027024,-2.443025,9.802648,4.305474
115,1.469000,101.220063,75.151674,288.663337,48.150143,-2.462223,9.758199,4.571168
116,1.479000,101.366899,74.698611,287.251269,47.617382,-2.431025,9.706097,4.886514
117,1.489000,101.503637,74.238141,285.826665,48.034952,-2.318234,9.645905,5.256714
118,1.499000,101.503637,74.238141,285.826665,48.841294,-2.102249,9.576442,5.677152
119,1.509000,101.503637,74.238141,285.826665,47.689376,-1.540689,9.463458,6.156072
120,1.519000,101.503637,74.238141,285.826665,51.605895,-1.876665,9.189821,6.648617
121,1.529000,101.503637,74.238141,285.826665,52.426636,-1.336704,8.826735,7.190639
122,1.539000,101.503637,74.238141,285.826665,54.312901,-1.185515,8.394920,7.801391
123,1.549000,101.503637,74.238141,285.826665,49.590040,-1.646282,7.887276,8.487972
124,1.559000,101.503637,74.238141,285.826665,48.006154,-1.756674,7.297120,9.257064
125,1.569000,102.366950,70.571627,275.818375,50.828351,-1.382301,6.618989,10.114133
126,1.579000,102.413810,70.065464,274.760192,52.354642,-1.103921,5.850027,11.062031
127,1.589000,102.452759,69.543322,273.771904,49.734030,-1.103921,4.991982,12.099013
128,1.599000,102.481479,69.046768,272.848627,49.230066,-1.183115,8.100708,7.471744
129,1.609000,102.502322,68.554915,272.004485,48.135744,-1.250310,11.073070,3.032526
130,1.619000,102.515965,68.073756,271.243658,46.422267,-0.503964,11.434126,2.275817
131,1.629000,102.523302,67.609597,270.567673,45.731117,-1.723076,11.266268,2.264738
132,1.639000,102.523302,67.609597,270.567673,46.451065,-2.471823,11.083482,2.268588
133,1.649000,102.523302,67.609597,270.567673,41.037054,-2.510220,10.892742,2.280390
134,1.659000,102.523302,67.609597,270.567673,42.520148,-3.006984,10.698268,2.295928
135,1.669000,102.523302,67.609597,270.567673,47.847765,-1.375101,10.502462,2.312797
136,1.679000,102.523302,67.609597,270.567673,49.186869,-1.099121,10.306651,2.329672
137,1.689000,102.523302,67.609597,270.567673,49.402853,-1.965459,10.136311,2.356758
138,1.699000,102.722854,64.392493,266.542407,46.652651,-1.958259,10.083542,2.429830
139,1.709000,102.687568,63.876654,265.631198,47.934159,-1.917462,10.074815,2.510561
140,1.719000,102.647408,63.399003,264.756842,48.481320,-2.234240,10.066717,2.583651
141,1.729000,102.599179,62.916503,263.826757,45.183956,-2.159845,10.058756,2.652828
142,1.739000,102.542147,62.431866,262.749955,45.039967,-2.299035,10.050534,2.720981
143,1.749000,102.480780,61.984273,261.636417,45.169557,-2.210241,10.041719,2.790451
144,1.759000,102.410212,61.535651,260.484953,45.414340,-2.318234,10.032020,2.863199
145,1.769000,102.410212,61.535651,260.484953,45.817511,-2.438225,10.020257,2.947168
146,1.779000,102.410212,61.535651,260.484953,45.702319,-2.534218,10.006067,3.043313
147,1.789000,102.410212,61.535651,260.484953,46.580656,-2.627811,9.991692,3.137721
148,1.799000,102.410212,61.535651,260.484953,46.623853,-2.591814,9.975413,3.242858
149,1.809000,102.410212,61.535651,260.484953,47.199812,-2.764602,9.956891,3.360655
150,1.819000,102.410212,61.535651,260.484953,47.358200,-2.699806,9.935749,3.493264
151,1.831000,101.901664,58.466270,251.659298,47.127817,-2.719005,9.905775,3.679147
152,1.841000,101.711928,57.922178,249.891315,45.068765,-2.433425,9.877228,3.854311
153,1.851000,101.551726,57.500930,248.464574,46.307076,-2.620612,9.844406,4.053931
154,1.861000,101.376258,57.071896,247.048016,48.265335,-2.644610,9.806554,4.282249
155,1.871000,101.182530,56.629835,245.622191,47.315003,-2.567816,9.762744,4.544457
156,1.881000,100.981864,56.201298,244.194392,47.991755,-2.325433,9.711643,4.850686
157,1.891000,100.767537,55.771904,242.754529,47.530988,-2.186243,9.651984,5.219682
158,1.901000,100.544772,55.351981,241.354505,50.669963,-2.003856,9.583560,5.633838
159,1.911000,100.544772,55.351981,241.354505,49.906817,-1.675080,9.489683,6.113548
160,1.921000,100.544772,55.351981,241.354505,51.692289,-1.511891,9.221875,6.600716
161,1.931000,100.544772,55.351981,241.354505,53.808937,-1.423098,8.864909,7.136619
162,1.941000,100.544772,55.351981,241.354505,53.333771,-1.329505,8.439881,7.740584
163,1.951000,100.544772,55.351981,241.354505,49.978812,-1.672680,7.939703,8.419699
164,1.961000,100.544772,55.351981,241.354505,49.503646,-1.444696,7.357595,9.180743
165,1.971000,98.979396,52.474927,232.347617,50.957942,-1.514291,6.687942,10.029334
166,1.981000,98.673069,52.085868,231.221757,50.065206,-0.827941,5.927561,10.968651
167,1.991000,98.350339,51.691388,230.204066,50.065206,-0.827941,5.077626,11.997523
168,2.001000,98.026797,51.309331,229.277219,47.905361,-0.515963,7.581074,8.232744
169,2.011000,97.715252,50.952725,228.439318,48.740501,-0.458367,10.942403,3.242858
170,2.021000,97.395072,50.596330,227.688488,47.876563,-1.173516,11.450642,2.277666
171,2.031000,97.064884,50.237813,227.022574,49.172470,-2.099849,11.284586,2.264785
172,2.041000,97.064884,50.237813,227.022574,44.651195,-2.459823,11.102750,2.267685
173,2.051000,97.064884,50.237813,227.022574,40.835469,-2.495821,10.912456,2.279042
174,2.061000,97.064884,50.237813,227.022574,40.317106,-2.399828,10.718112,2.294449
175,2.071000,97.064884,50.237813,227.022574,50.425180,-1.137518,10.522284,2.311340
176,2.081000,95.740398,48.527809,224.399052,46.263879,-1.336704,10.326375,2.328312
177,2.091000,95.740398,48.527809,224.399052,42.764930,-1.905463,10.139631,2.348460
178,2.101000,95.019131,47.876427,222.929009,40.993857,-2.215041,10.084443,2.421880
179,2.111000,94.716967,47.599403,222.100126,45.284749,-1.912663,10.075607,2.503572
180,2.121000,94.378617,47.298428,221.208375,43.686464,-1.771073,10.067457,2.577211
181,2.131000,94.047579,47.013299,220.269532,40.288308,-1.881465,10.059488,2.646621
182,2.141000,93.731350,46.750179,219.255194,40.288308,-1.881465,10.051295,2.714771
183,2.151000,93.391987,46.477967,218.212764,44.967972,-2.541418,10.042542,2.784033
184,2.161000,93.036036,46.203183,217.121422,42.822526,-2.217441,10.032931,2.856406
185,2.171000,93.036036,46.203183,217.121422,44.982371,-2.668608,10.021857,2.935960
186,2.181000,93.036036,46.203183,217.121422,45.414340,-2.783800,10.007327,3.035037
187,2.191000,93.036036,46.203183,217.121422,45.543931,-2.579815,9.993108,3.128528
188,2.201000,91.611790,45.069182,211.719563,47.516589,-2.922990,9.977016,3.232582
189,2.211000,91.611790,45.069182,211.719563,46.191884,-2.889393,9.958717,3.349114
190,2.221000,91.611790,45.069182,211.719563,42.952117,-2.498221,9.937837,3.480253
191,2.231000,90.409351,44.391832,207.439255,43.182500,-2.455024,9.913946,3.628420
192,2.241000,90.023569,44.197629,206.002156,45.054366,-2.781400,9.886540,3.796438
193,2.251000,89.616181,44.005011,204.608708,43.556873,-2.445424,9.855013,3.987636
194,2.261000,89.217969,43.828323,203.245173,43.398485,-2.260638,9.818632,4.206019
195,2.271000,88.817148,43.661832,201.868346,44.939174,-2.239039,9.775037,4.475379
196,2.281000,88.398020,43.499596,200.452451,43.499277,-1.504692,9.726619,4.769861
197,2.291000,87.988523,43.352749,199.003592,47.199812,-2.025455,9.670588,5.109454
198,2.301000,87.988523,43.352749,199.003592,47.257407,-1.823869,9.605269,5.504801
199,2.311000,87.988523,43.352749,199.003592,46.566257,-1.382301,9.528685,5.967981
200,2.321000,87.988523,43.352749,199.003592,47.905361,-1.255110,9.313743,6.453683
201,2.331000,86.640058,42.891424,194.423594,44.392013,-1.706278,8.977550,6.971997
202,2.341000,86.640058,42.891424,194.423594,45.155158,-2.039854,8.573066,7.555418
203,2.351000,86.640058,42.891424,194.423594,47.444594,-1.533490,8.095336,8.212084
204,2.361000,86.640058,42.891424,194.423594,48.366128,-1.610284,7.537403,8.948955
205,2.371000,84.756376,42.466117,189.673684,46.724646,-1.283908,6.893216,9.772078
206,2.381000,84.283063,42.389448,188.728504,45.414340,-1.132719,6.158733,10.685498
207,2.391000,83.833648,42.323802,187.892213,46.955029,-0.914334,5.333743,11.689425
208,2.401000,83.368138,42.262381,187.140542,44.838381,-0.820741,6.481839,9.849354
209,2.411000,82.922918,42.209250,186.470051,44.838381,-0.820741,10.064174,4.555966
210,2.421000,82.479486,42.161272,185.880315,43.168101,-1.387100,11.491449,2.289538
211,2.431000,82.049895,42.118887,185.389272,45.889506,-1.811870,11.333094,2.268956
212,2.441000,82.049895,42.118887,185.389272,40.633883,-1.612684,11.156039,2.267074
213,2.451000,82.049895,42.118887,185.389272,39.136390,-2.447824,10.968601,2.275576
214,2.461000,82.049895,42.118887,185.389272,39.654753,-1.281508,10.775899,2.289341
215,2.471000,82.049895,42.118887,185.389272,48.481320,-1.183115,10.580968,2.305335
216,2.481000,82.049895,42.118887,185.389272,46.911832,-1.142318,10.385493,2.321873
217,2.491000,82.049895,42.118887,185.389272,48.711703,-2.008656,10.190360,2.338070
218,2.501000,78.930723,41.949110,181.940088,49.057278,-1.941461,10.091888,2.394469
219,2.511000,78.412286,41.935042,181.168652,48.985283,-1.843068,10.078163,2.477137
220,2.521000,77.922386,41.928442,180.375012,44.910376,-1.547889,10.070068,2.552656
221,2.531000,77.473287,41.928963,179.492111,45.039967,-1.852667,10.062255,2.622938
222,2.541000,77.022508,41.936699,178.541426,46.393470,-2.447824,10.054297,2.691132
223,2.551000,76.558803,41.952533,177.547338,46.422267,-2.519819,10.045847,2.759734
224,2.561000,76.094929,41.976573,176.519164,45.486335,-2.195842,10.035223,2.841217
225,2.571000,76.094929,41.976573,176.519164,44.579200,-2.193443,10.023501,2.924420
226,2.581000,76.094929,41.976573,176.519164,46.407868,-2.656609,10.011389,3.006897
227,2.591000,76.094929,41.976573,176.519164,43.931246,-2.498221,9.997776,3.097557
228,2.601000,76.094929,41.976573,176.519164,45.615925,-2.649410,9.982360,3.198141
229,2.611000,76.094929,41.976573,176.519164,47.329402,-2.704606,9.964819,3.310502
230,2.621000,76.094929,41.976573,176.519164,46.839837,-2.666209,9.944790,3.436683
231,2.631000,76.094929,41.976573,176.519164,46.364672,-2.567816,9.921859,3.578996
232,2.641000,72.809518,42.408496,167.072331,47.674978,-2.709405,9.895536,3.740119
233,2.651000,72.346253,42.521062,165.612935,48.466921,-2.970987,9.864175,3.932050
234,2.661000,71.878289,42.647378,164.175675,46.235081,-2.536618,9.828228,4.153381
235,2.671000,71.435009,42.778942,162.763137,45.529532,-2.419026,9.788171,4.397329
236,2.681000,71.001773,42.919222,161.353205,45.529532,-2.419026,9.741921,4.678102
237,2.691000,70.571698,43.070385,159.915784,50.050807,-2.630211,9.688303,5.002732
238,2.701000,70.103820,43.248129,158.481108,52.181854,-2.395028,9.625852,5.380055
239,2.711000,69.620619,43.445534,157.075309,49.258864,-1.903063,9.552720,5.821326
240,2.721000,69.620619,43.445534,157.075309,51.476305,-1.643882,9.390169,6.304563
241,2.731000,69.620619,43.445534,157.075309,52.340243,-1.159117,9.085161,6.810209
242,2.741000,69.620619,43.445534,157.075309,52.671419,-1.166316,8.700980,7.373326
243,2.751000,69.620619,43.445534,157.075309,51.965869,-1.499892,8.245507,8.007737
244,2.761000,69.620619,43.445534,157.075309,50.151600,-1.610284,7.711648,8.720532
245,2.771000,66.909625,44.729724,148.374392,50.324387,-1.711077,7.092935,9.518183
246,2.781000,66.483574,44.997548,147.316925,51.908274,-1.327105,6.384586,10.405468
247,2.791000,66.048981,45.281681,146.330577,52.009066,-0.964731,5.585107,11.383884
248,2.801000,65.571654,45.605730,145.325446,51.519502,-0.523162,5.722512,10.989129
249,2.811000,65.571654,45.605730,145.325446,47.214211,-0.535162,8.873972,6.309111
250,2.821000,65.150054,45.901826,144.512738,47.948558,-0.969530,11.529074,2.303413
251,2.831000,64.767282,46.178391,143.788694,48.034952,-1.670280,11.379169,2.274381
252,2.841000,64.297499,46.526457,143.141220,44.651195,-2.219841,11.207401,2.267213
253,2.851000,64.297499,46.526457,143.141220,39.784344,-2.287036,11.023168,2.272509
254,2.861000,64.297499,46.526457,143.141220,37.941276,-2.450224,10.832351,2.284388
255,2.871000,64.297499,46.526457,143.141220,45.443138,-1.881465,10.638467,2.299336
256,2.881000,64.297499,46.526457,143.141220,51.418709,-1.063124,10.443545,2.315321
257,2.891000,64.297499,46.526457,143.141220,47.559786,-1.418298,10.248683,2.331246
258,2.901000,64.297499,46.526457,143.141220,45.745516,-1.999056,10.110021,2.370765
259,2.911000,62.225073,48.187918,139.323308,45.745516,-1.999056,10.080996,2.449829
260,2.921000,61.867870,48.499436,138.493038,47.746972,-1.910263,10.072873,2.527512
261,2.931000,61.512674,48.818654,137.614235,44.665594,-1.871866,10.065154,2.598881
262,2.941000,61.181129,49.126346,136.659855,44.665594,-1.871866,10.057112,2.670140
263,2.951000,60.876374,49.418978,135.665157,45.803112,-2.493421,10.047004,2.753811
264,2.961000,60.551514,49.742057,134.649807,44.190428,-2.047053,10.037437,2.824165
265,2.971000,60.243865,50.059274,133.595697,43.657666,-2.318234,10.027005,2.898640
266,2.981000,60.243865,50.059274,133.595697,44.507205,-2.416627,10.015415,2.979002
267,2.991000,60.243865,50.059274,133.595697,45.198355,-2.407027,10.002382,3.066948
268,3.001000,60.243865,50.059274,133.595697,45.601526,-2.555817,9.987616,3.164182
269,3.011000,60.243865,50.059274,133.595697,49.230066,-3.141374,9.970802,3.272504
270,3.021000,60.243865,50.059274,133.595697,46.191884,-2.779001,9.951592,3.393876
271,3.031000,60.243865,50.059274,133.595697,43.715262,-2.207842,9.929580,3.530506
272,3.041000,58.436651,52.439243,124.488407,44.132832,-2.195842,9.902012,3.701757
273,3.051000,58.191200,52.806066,123.086857,47.588584,-2.872594,9.872726,3.882021
274,3.061000,57.936191,53.208022,121.696627,47.271806,-2.675808,9.839358,4.086161
275,3.071000,57.667993,53.655213,120.208972,45.126360,-2.179044,9.800968,4.319896
276,3.081000,57.445518,54.047871,118.861750,44.521604,-2.092650,9.756651,4.588548
277,3.091000,57.235221,54.440284,117.512527,44.521604,-2.092650,9.705292,4.898715
278,3.101000,56.995339,54.915464,116.058941,47.401397,-1.804670,9.645505,5.258644
279,3.111000,56.995339,54.915464,116.058941,47.890962,-1.737475,9.575551,5.678842
280,3.121000,56.995339,54.915464,116.058941,50.468377,-1.735075,9.456507,6.155640
281,3.131000,56.995339,54.915464,116.058941,53.074590,-1.684679,9.189480,6.651861
282,3.141000,56.995339,54.915464,116.058941,53.031393,-1.202314,8.825247,7.195031
283,3.151000,56.995339,54.915464,116.058941,48.625309,-1.667880,8.391699,7.807516
284,3.161000,56.995339,54.915464,116.058941,47.660579,-1.891064,7.841774,8.471989
285,3.171000,56.995339,54.915464,116.058941,50.137201,-1.329505,6.745689,8.886937
286,3.181000,55.848343,58.244455,106.988136,50.137201,-1.329505,4.681245,8.544499
287,3.191000,55.704222,58.729876,106.083997,49.201268,-0.899935,4.002380,9.044427
288,3.201000,55.571335,59.203649,105.252285,49.201268,-0.899935,3.417347,9.450523
289,3.211000,55.449426,59.662456,104.508020,45.702319,-0.067195,4.667825,8.021109
290,3.221000,55.337357,60.105757,103.866811,45.702319,-0.067195,10.102211,2.407786
291,3.231000,55.237251,60.519456,103.339082,41.368230,0.170388,9.988537,2.342523
292,3.241000,55.143202,60.922514,102.929319,45.831910,-1.375101,9.856111,2.296013
293,3.251000,55.143202,60.922514,102.929319,40.360303,-1.927062,9.710637,2.262549
294,3.261000,55.143202,60.922514,102.929319,42.750531,-3.189371,9.557174,2.237075
295,3.271000,55.143202,60.922514,102.929319,48.970884,-1.975058,9.398900,2.216413
296,3.281000,55.143202,60.922514,102.929319,54.298502,-1.864666,9.237776,2.198601
297,3.291000,55.143202,60.922514,102.929319,54.658476,-2.438225,9.075010,2.182429
298,3.301000,55.143202,60.922514,102.929319,49.086076,-2.320633,8.911309,2.167193
299,3.311000,54.550643,64.184722,100.326699,43.096106,-1.259910,8.735767,2.163799
300,3.321000,54.475787,64.609127,99.679096,43.916847,-1.223912,8.552916,2.167713
301,3.331000,54.403936,65.047403,98.941461,45.644723,-1.828669,8.388371,2.153321
302,3.341000,54.336108,65.498916,98.144995,44.953573,-2.063852,8.223792,2.138964
303,3.351000,54.275681,65.944413,97.303820,41.512220,-1.754274,8.059187,2.124631
304,3.361000,54.226155,66.356649,96.397545,41.512220,-1.754274,7.888823,2.116059
305,3.371000,54.182428,66.779158,95.420037,41.944189,-2.013455,7.701923,2.124022
306,3.381000,54.182428,66.779158,95.420037,41.195443,-1.869466,7.536958,2.110050
307,3.391000,54.182428,66.779158,95.420037,41.929790,-1.943860,7.371953,2.096119
308,3.401000,54.182428,66.779158,95.420037,41.209842,-2.193443,7.202150,2.086985
309,3.411000,54.182428,66.779158,95.420037,41.109049,-2.258238,7.014513,2.095685
310,3.421000,54.182428,66.779158,95.420037,42.304163,-2.505420,6.848727,2.082534
311,3.431000,54.182428,66.779158,95.420037,39.381173,-2.075851,6.683435,2.068889
312,3.441000,53.930778,69.848715,87.294130,37.451711,-1.951060,6.496721,2.076667
313,3.451000,53.952276,70.222686,86.125648,37.379717,-2.083050,6.324151,2.070299
314,3.461000,53.981206,70.595395,84.997571,37.840484,-2.001456,6.159054,2.056460
315,3.471000,54.017852,70.972017,83.887308,37.437312,-1.910263,5.972015,2.064562
316,3.481000,54.061355,71.343926,82.769496,37.192530,-2.152645,5.799283,2.058357
317,3.491000,54.111802,71.712448,81.640809,35.637442,-2.013455,5.635491,2.043212
318,3.501000,54.167085,72.064504,80.510709,35.061483,-1.826269,5.440395,2.059372
319,3.511000,54.167085,72.064504,80.510709,35.824628,-1.670280,5.277686,2.043143
320,3.521000,54.167085,72.064504,80.510709,35.363861,-1.646282,5.099671,2.042222
321,3.531000,54.167085,72.064504,80.510709,34.442327,-1.675080,4.921832,2.041124
322,3.541000,54.167085,72.064504,80.510709,33.707980,-1.730276,4.758897,2.025123
323,3.551000,54.167085,72.064504,80.510709,33.074426,-1.509492,4.569884,2.035198
324,3.561000,54.167085,72.064504,80.510709,32.613659,-1.499892,4.417108,2.009038
325,3.571000,54.167085,72.064504,80.510709,31.792918,-1.358302,4.225204,2.022005
326,3.581000,54.501205,74.642073,73.119061,30.943379,-1.317505,4.075425,1.992847
327,3.591000,54.593232,74.937567,72.284213,30.669798,-1.065524,3.890024,1.999311
328,3.601000,54.688647,75.229107,71.471342,29.820259,-1.029526,3.742577,1.967822
329,3.611000,54.785381,75.511275,70.682813,29.215503,-1.135119,3.560019,1.971442
330,3.621000,54.883831,75.786401,69.938928,27.775606,-1.077523,3.420649,1.931876
331,3.631000,54.980712,76.046740,69.237237,27.012461,-0.959931,3.236928,1.936660
332,3.641000,55.077967,76.298805,68.566306,27.012461,-0.887936,3.100970,1.893682
333,3.651000,55.077967,76.298805,68.566306,25.011005,-0.616756,2.932096,1.883619
334,3.661000,55.077967,76.298805,68.566306,25.082999,-0.643154,2.790156,1.846621
335,3.671000,55.077967,76.298805,68.566306,24.651030,-0.609556,2.643162,1.814679
336,3.681000,55.077967,76.298805,68.566306,23.700699,-0.451168,2.490248,1.788656
337,3.691000,55.077967,76.298805,68.566306,23.758294,-0.403171,2.364681,1.735286
338,3.701000,55.077967,76.298805,68.566306,23.355123,-0.470366,2.208965,1.712066
339,3.711000,55.077967,76.298805,68.566306,24.492642,-0.731947,2.081878,1.660216
340,3.721000,55.563434,78.081119,64.428512,22.577579,-0.518363,1.961947,1.601210
341,3.731000,55.669864,78.301710,64.059238,22.131211,-0.419970,1.813378,1.570842
342,3.741000,55.779289,78.525126,63.751172,21.555253,-0.290379,1.699957,1.505327
343,3.751000,55.875035,78.718269,63.510967,20.792107,-0.201586,1.589108,1.437239
344,3.761000,55.968110,78.904192,63.302831,20.129755,-0.211185,1.453258,1.394152
345,3.771000,56.058830,79.083908,63.128553,20.129755,-0.211185,1.346065,1.322408
346,3.781000,56.146493,79.256359,62.979563,18.747454,-0.153589,1.242625,1.246911
347,3.791000,56.146493,79.256359,62.979563,17.811521,-0.074395,1.131707,1.178892
348,3.801000,56.146493,79.256359,62.979563,17.782723,-0.040797,1.020457,1.111205
349,3.811000,56.146493,79.256359,62.979563,17.149169,-0.079194,0.924013,1.028712
350,3.821000,56.146493,79.256359,62.979563,15.910858,-0.021598,0.829523,0.944266
351,3.831000,56.146493,79.256359,62.979563,15.147713,0.033598,0.733679,0.861173
352,3.841000,56.146493,79.256359,62.979563,14.096588,-0.011999,0.631398,0.784518
353,3.851000,56.501769,80.430217,62.462189,13.722215,0.059996,0.542704,0.694275
354,3.861000,56.565198,80.551898,62.473786,13.016666,0.052796,0.455396,0.602645
355,3.871000,56.625343,80.667349,62.491183,12.195924,0.107992,0.369287,0.509818
356,3.881000,56.681723,80.775658,62.510739,11.490375,0.134390,0.284187,0.415981
357,3.891000,56.734744,80.877609,62.534546,11.101603,0.055196,0.196233,0.324998
358,3.901000,56.785926,80.976147,62.569344,10.237665,0.074395,0.110787,0.231508
359,3.911000,56.833089,81.067092,62.609351,9.402525,0.093593,0.028500,0.134858
360,3.921000,56.833089,81.067092,62.609351,9.215338,-0.043197,-0.053513,0.037934
361,3.931000,56.833089,81.067092,62.609351,9.114546,-0.059996,-0.135457,-0.059059
362,3.941000,56.833089,81.067092,62.609351,8.984955,-0.038397,-0.217537,-0.155916
363,3.951000,56.833089,81.067092,62.609351,8.365799,0.055196,-0.299957,-0.252432
364,3.961000,56.833089,81.067092,62.609351,6.306747,0.134390,-0.382922,-0.348404
365,3.971000,56.833089,81.067092,62.609351,6.306747,0.134390,-0.466637,-0.443626
366,3.981000,57.017594,81.740769,62.721550,4.694063,0.009599,-0.551306,-0.537894
367,3.991000,57.039101,81.782498,62.745052,4.262094,-0.009599,-0.637133,-0.631003
368,4.001000,57.060269,81.823602,62.760943,3.570944,0.043197,-0.724325,-0.722749
369,4.011000,57.077372,81.856836,62.777554,3.570944,0.043197,-0.787041,-0.786934
370,4.021000,57.092385,81.886031,62.792202,3.282964,0.091193,0.000000,0.000000
